KC,OAK,TB,PHI,SF,DAL,TEN,CLE,JAX,NYG,NE,ATL,NO,LAR,DET,CHI,HOU,IND,GB,CAR,CIN,PIT,MIN,MIA,WSH,BAL,DEN,NYJ,BUF,ARI,SEA,LAC
1622.2946706141254,1506.8170733616726,1595.5174277477452,1482.4651771343401,1551.314007333344,1531.566764471643,1564.3415674286302,1500.585894690413,1345.8207884852561,1393.44912355634,1530.244332421339,1447.721037908227,1554.2717676410032,1620.3956292491687,1400.9607604370863,1463.3503300621423,1405.1206930095714,1524.4095022252463,1606.4313093721219,1406.6584102442707,1508.3735698650348,1532.8149271438062,1504.35852126874,1515.0989451137705,1451.9841016616458,1523.8603596893051,1437.7893535860446,1371.975815992152,1580.8238359252343,1511.2542737427266,1515.9521010737803,1491.9779275440735
